title 1;http://glorf.com/videos/1;tag, tag1
title 2;http://glorf.com/videos/2;tag, tag2
title 3;http://glorf.com/videos/3;tag, tag3
title 4;http://glorf.com/videos/4;tag, tag4
title 5;http://glorf.com/videos/5;tag, tag5
title 6;http://glorf.com/videos/6;tag, tag6
title 7;http://glorf.com/videos/7;tag, tag7
title 8;http://glorf.com/videos/8;tag, tag8
title 9;http://glorf.com/videos/9;tag, tag9
title 10;http://glorf.com/videos/10;tag, tag10
title 11;http://glorf.com/videos/11;tag, tag11
title 12;http://glorf.com/videos/12;tag, tag12
title 13;http://glorf.com/videos/13;tag, tag13
title 14;http://glorf.com/videos/14;tag, tag14
title 15;http://glorf.com/videos/15;tag, tag15
title 16;http://glorf.com/videos/16;tag, tag16
title 17;http://glorf.com/videos/17;tag, tag17
title 18;http://glorf.com/videos/18;tag, tag18
title 19;http://glorf.com/videos/19;tag, tag19
title 20;http://glorf.com/videos/20;tag, tag20
title 21;http://glorf.com/videos/21;tag, tag21
title 22;http://glorf.com/videos/22;tag, tag22
title 23;http://glorf.com/videos/23;tag, tag23
title 24;http://glorf.com/videos/24;tag, tag24
title 25;http://glorf.com/videos/25;tag, tag25
title 26;http://glorf.com/videos/26;tag, tag26
title 27;http://glorf.com/videos/27;tag, tag27
title 28;http://glorf.com/videos/28;tag, tag28
title 29;http://glorf.com/videos/29;tag, tag29
title 30;http://glorf.com/videos/30;tag, tag30
title 31;http://glorf.com/videos/31;tag, tag31
title 32;http://glorf.com/videos/32;tag, tag32